product_id,intended_pattern,base_weekly_units,store_share
P001,smooth,256.85,0.64
P002,smooth,197.07,0.48
P003,erratic,25.18,0.68
P004,erratic,43.61,0.49
P005,erratic,16.24,0.54
P006,intermittent,0.63,0.73
P007,intermittent,1.44,0.47
P008,lumpy,0.66,0.61
P009,smooth,162.72,0.5
P010,smooth,220.29,0.54
P011,erratic,42.07,0.65
P012,intermittent,0.82,0.55
P013,intermittent,1.62,0.72
P014,lumpy,0.69,0.6
P015,smooth,201.69,0.53
P016,erratic,19.09,0.54
P017,erratic,12.85,0.6
P018,intermittent,1.06,0.71
P019,intermittent,0.67,0.47
P020,lumpy,0.88,0.6
P021,smooth,181.8,0.69
P022,smooth,243.76,0.74
P023,smooth,165.48,0.74
P024,smooth,178.77,0.63
P025,smooth,161.75,0.5
P026,smooth,170.63,0.75
P027,erratic,43.91,0.62
P028,erratic,38.51,0.6
P029,smooth,153.86,0.58
P030,smooth,83.32,0.54
P031,erratic,14.19,0.58
P032,erratic,24.7,0.62
P033,intermittent,1.08,0.54
P034,lumpy,0.59,0.75
P035,intermittent,1.09,0.66
P036,intermittent,1.12,0.46
P037,intermittent,1.14,0.5
P038,lumpy,1.19,0.62
P039,lumpy,0.68,0.45
P040,lumpy,0.67,0.63
